termo,categoria_semente,tipo_sinal
organizador de cabos pc,organizador de mesa,rising (19550%)
organizador de cabo,organizador de mesa,rising (300%)
gaveteiro organizador,organizador de mesa,rising (70%)
como fazer um suporte para celular,suporte para celular,rising (250%)
suporte para celular para gravar videos,suporte para celular,rising (130%)
garrafa com suporte para celular,suporte para celular,rising (70%)
suporte para celular moto impermeável,suporte para celular,rising (70%)
suporte para celular tripe,suporte para celular,rising (50%)
ncm suporte para celular,suporte para celular,rising (50%)
gancho de parede madeira,gancho de parede,rising (100%)
vaso decorativo para mesa,vaso decorativo,rising (90%)
brinquedo educativo 6 meses,brinquedo educativo,rising (56700%)
brinquedo educativo 8 anos,brinquedo educativo,rising (60%)
brinquedo educativo 3 anos,brinquedo educativo,rising (50%)
chaveiro personalizado casal,chaveiro personalizado,rising (103850%)
chaveiro personalizado para brinde,chaveiro personalizado,rising (89500%)
uma microempresa especializou-se em produzir um tipo de chaveiro personalizado para brindes,chaveiro personalizado,rising (6600%)
varal cabideiro,cabideiro,rising (250%)
mancebo cabideiro de chão,cabideiro,rising (200%)
cabideiro suspenso,cabideiro,rising (90%)
cabideiro retrátil,cabideiro,rising (60%)
cabideiro de madeira de parede,cabideiro,rising (50%)
gancho cabideiro,cabideiro,rising (50%)
cabideiro infantil,cabideiro,rising (50%)
cabideiro para bolsas,cabideiro,rising (50%)
